count	freq	cdr3nt	cdr3aa	v	d	j	VEnd	DStart	DEnd	JStart
1000	0.671141	CGGACTATACGGGGAAACGGCAATCGGTCGGTACCCG	DVTMYKFPEPIYNTN	TRBV16	TRBD2	TRBJ8	13	NA	2	29
10	0.006711	AGGAAGCGAGTCCGCTAGTCGTCGTGCGTCGAATAATTACGGCCG	FVFPDDYLEEESMQG	TRBV15	TRBD1	TRBJ3	6	NA	2	21
10	0.006711	CCATCCGCATCTGGTATAACATCTATACGGTCCGACGAGGCTCA	VVEHPVVKMKDINRN	TRBV4	TRBD2	TRBJ2	13	NA	4	26
10	0.006711	AATGATACAGGGAGTTCTCAGTTTTAATTTCAGTGTGTCCCATG	KLGGEEWPMMECLQ	TRBV30	TRBD1	TRBJ3	10	NA	3	22
10	0.006711	GTATAACTCCCAAGCAACGTCGGCTGTCTTCAATTTC	IRESGSIPGGWV	TRBV3	TRBD2	TRBJ6	9	NA	4	35
10	0.006711	GCTGCATAGCAGACTTGTTGATATCCGCGAACGCCCGT	TCRCGHMWASDPVEHA	TRBV20	TRBD1	TRBJ6	7	NA	4	34
10	0.006711	CCTCTAAGGTACTAAAGTGTCGTTAGGCTATGTACACG	FWLGMFEQGRTM	TRBV9	TRBD2	TRBJ1	8	NA	3	18
10	0.006711	TTCCGAAGCTGCCATTCACAGACGTGACATTATTCCGATCCAGTG	KVYTCIVCLKIPLAKD	TRBV9	TRBD2	TRBJ2	6	NA	4	27
10	0.006711	GATTTCGCAGCCGTTTGTGTCGGGGACATACAGAAA	YATNKPKAILVI	TRBV15	TRBD2	TRBJ5	12	NA	1	17
10	0.006711	ACGAATCATTTCACTTCGACGAACCGAGAGGAGACT	YYPFTSRCGSEMWH	TRBV26	TRBD2	TRBJ10	5	NA	5	35
10	0.006711	ACCTATCTAAACAAACTGCACTCATTAACCGTTGCCGA	CSPSMWLMLPMLRT	TRBV24	TRBD1	TRBJ2	8	NA	2	20
10	0.006711	TGGATTTGCGCAGACCTAGCCTTAAAGTAAATAAGCGAATCGGG	WFAPTSTGISCPARWD	TRBV10	TRBD1	TRBJ6	11	NA	5	28
10	0.006711	CAATTGCAGAGCCGAGTCATATAAGCCAGTTGGTATCATCAAA	NPECNQIPWNYHDD	TRBV2	TRBD2	TRBJ1	8	NA	5	33
10	0.006711	GTTAGTCAATGTAATCGAGTGACGCTTCTGACGGTAG	PYDYGFMSERQMKDWF	TRBV14	TRBD2	TRBJ8	11	NA	5	16
10	0.006711	ATATGGGGTCCCGACGACGGGGCGTAGGGCTGTCGT	KHTMEFYCCMYME	TRBV30	TRBD1	TRBJ1	11	NA	4	22
10	0.006711	AGGTTACCCATACTCGCTGTGGCGATACGTGGGCATA	YVYMTAEWARRE	TRBV12	TRBD2	TRBJ3	10	NA	1	23
10	0.006711	AGAAAACAGTCCTGATGACCCTAATTCGCGACCCGAG	FSECHMQHFMRMMEP	TRBV4	TRBD2	TRBJ9	5	NA	4	19
10	0.006711	GCGTGAACTGCGATGAGTGGTTCCAGGGAGAGACGGAGAAAG	PCHYLHLADLRWRMIQ	TRBV21	TRBD1	TRBJ4	6	NA	4	23
10	0.006711	ATCCGGTCCCCCACATTCTCCGCCCAATCCCTTGCT	HTPPIMSMRDQWFFWH	TRBV12	TRBD2	TRBJ1	13	NA	5	33
10	0.006711	GCATTAACACTAGCGAGATTCGTGTTGTAATCTTTTCACACTTTA	DKHWQWPYRHEFE	TRBV28	TRBD1	TRBJ6	12	NA	5	24
10	0.006711	TGCCGTTTTGTATTTATGGTCCTCTCCGAGACCGAA	QNCHAAYVCIKMYCTF	TRBV6	TRBD1	TRBJ6	8	NA	4	32
10	0.006711	GTAATGCTCTTATAATGGCGAACCATCTATGCCGCTTCCTGC	DCAPTSKRRYMNSPT	TRBV20	TRBD2	TRBJ7	8	NA	3	27
10	0.006711	TAGAAAGGCCGTCCCGAACTTTACCAACACAATACG	HDIFYGSKKINFE	TRBV8	TRBD1	TRBJ4	5	NA	1	35
10	0.006711	CAGCGTCACCGTTCTGTGTTCCACATAATGTCCATCCAGTGAAG	PEDNHTRLIASA	TRBV22	TRBD2	TRBJ4	11	NA	2	24
10	0.006711	AGTGACTGCAATAGATAGTTTCGAGAGCCACTTGCATAAGGGGA	VPHLLKGLYKGS	TRBV25	TRBD2	TRBJ1	5	NA	3	24
10	0.006711	CGCGGTGAGCCCCGGCAGACATAAGATTGGGCCTAGGG	KRNVREQPYWLDLTF	TRBV2	TRBD2	TRBJ2	8	NA	4	19
10	0.006711	GACATTGCAACTGTCTCCTCTCTTCGCGTGGCGCCCAGTGTGT	RDYLWPNTNYPFH	TRBV17	TRBD2	TRBJ5	9	NA	2	31
10	0.006711	CATCCGGACACAAAACCGAATGCCATCCACTAACTACCTTA	SWYGVSYQNKYTMNF	TRBV25	TRBD2	TRBJ8	12	NA	3	27
10	0.006711	ATATTTTTTACTCCATTATATAGTGAACCATCCTTCTACGCGCCT	GMCIFRILRNNCVQ	TRBV10	TRBD1	TRBJ2	13	NA	1	21
10	0.006711	AGCTGAGTCTCAAAAGAAACTCTGAAGAAATGCCCCGGA	CDVVQYADEHRM	TRBV11	TRBD1	TRBJ5	12	NA	4	32
10	0.006711	CGGGAATTACAGTCAGTCTGAGTCATCGTCCCGAGCGAAA	TLGLWHNISPQSI	TRBV20	TRBD1	TRBJ6	12	NA	1	16
10	0.006711	AGCGCGCCACCTCTCAGTTCCGGCTTCCCCGGTTCCA	TFEENKCEATAD	TRBV4	TRBD2	TRBJ4	11	NA	5	21
10	0.006711	CCGTCGAGAGTTTAACTCGGGCCTGCGTCGTAGCTT	IGDYILGFSKHEN	TRBV14	TRBD2	TRBJ9	11	NA	5	22
10	0.006711	GTAGGGCTTATCCGATCTCTGAGACACATGAGGCAAGGCTCA	LWDCPQPQMIVTP	TRBV26	TRBD1	TRBJ10	8	NA	1	25
10	0.006711	CCTTGTTGTGCACCGGGCCGTGCCTGACGGGTAATCCTTCA	VSSHIYPELGPNF	TRBV14	TRBD1	TRBJ4	6	NA	2	33
10	0.006711	AGGGCGTTGGTTCAGCAAAGAATTGGGCCTCTATGATC	YDACYDDKDLCI	TRBV5	TRBD2	TRBJ2	8	NA	2	23
10	0.006711	TTATAGCATTAAGTGTTGACGTTGTTAGAGTACCAGCT	VNKNKMFYCHILNLF	TRBV27	TRBD1	TRBJ5	8	NA	2	33
10	0.006711	ACAGCGTTTGAAAATTCATTATCTCTAACCACATCAGACTCTTA	AEDETENQTRSGYPTP	TRBV4	TRBD2	TRBJ3	5	NA	1	18
10	0.006711	TCAATTAACGTCATCCGATGTAGCTACGTCCGAATTTGCCTGC	IHSPKIANLDEVET	TRBV16	TRBD1	TRBJ5	5	NA	1	18
10	0.006711	GTCATCAACGAAACTATAGATTTACGTCCCATCCCGACCCGTCAC	YKGYAKKWEIVDAML	TRBV13	TRBD1	TRBJ6	13	NA	1	33
10	0.006711	GGCGTCTGGCGTACGGAGAACTCTGTCCCTTACACAG	MEDMKKCKERPCDEHR	TRBV19	TRBD2	TRBJ2	10	NA	4	29
10	0.006711	TACGTTCCGTACCGAAACATATGTGTTTTAACTACA	FRMNDYDPIYVEPNL	TRBV26	TRBD2	TRBJ6	5	NA	4	26
10	0.006711	ATCGTTTTGGGGAGTACTGGCGAGCCTTGGGGACACCACGGCTCC	WVKCWKDFYTAQRCM	TRBV25	TRBD2	TRBJ5	9	NA	2	34
10	0.006711	TGTGACCAAGTGGTAACCGTACCAGCCAAAGACCTCC	ENDYQQERKQHWYEW	TRBV22	TRBD2	TRBJ9	8	NA	4	35
10	0.006711	GCCCAGCTTGGTCAGTCACCTGGGTTGGGGTCCTCTAACAACTT	YIVPGCMTRRQPLGHM	TRBV14	TRBD1	TRBJ2	11	NA	1	32
10	0.006711	GCTGAATGGGAATGGTCAAGCCTTACTAAAGACTCTAGATAC	DKTMILHPDTPD	TRBV8	TRBD1	TRBJ1	10	NA	3	32
10	0.006711	CGTCAGGTATGGAGATGGAAGAATCAGCAGTGAGTCTC	YCSTGMCHLFRGDVA	TRBV23	TRBD1	TRBJ10	10	NA	5	29
10	0.006711	AAAGGGGTTGGTGCCAAAATACACTATGAGAAATGATACT	RFRPTDSSCIWEHLK	TRBV20	TRBD1	TRBJ10	10	NA	5	25
10	0.006711	AGGTTCCCGTTGACAGCCGCCATCTCTGCTTAATCTTCC	HARECVQVTPDSLPP	TRBV22	TRBD1	TRBJ2	13	NA	2	18
10	0.006711	TACCTGCCTATCGGATAATACCCGTTTTAGTGAGGTCTGA	LYHMTRCGLETCCELM	TRBV9	TRBD1	TRBJ7	11	NA	5	27
